id,target
c0f722661,-0.49393246
f0953f0a5,-0.25952807
0df072751,-0.24018097
04caf4e0c,-2.3898327
0e63f8bea,-1.82363
12537fe78,-1.060759
965e592c0,0.74646497
